Frame Index,Min,Median,Max,NegCount,ZeroCount,PosCount,Dominant Event,Cumsum,EXP
0,-0.018518519,0.0,0.055555556,79,8326,811,0.0,-7.768518571999997,0.0
1,-0.018518519,0.0,0.074074075,91,7945,1180,0.0,-7.768518571999997,0.0
2,-0.018518519,0.0,0.0462963,46,7941,1229,0.0,-7.768518571999997,0.0
3,-0.009259259,0.0,0.055555556,45,8025,1146,0.0,-7.768518571999997,0.0
4,-0.018518519,0.0,0.0462963,36,8072,1108,0.0,-7.768518571999997,0.0
5,-0.018518519,0.0,0.0462963,50,8042,1124,0.0,-7.768518571999997,0.0
6,-0.018518519,0.0,0.05555556,50,7901,1265,0.0,-7.768518571999997,0.0
7,-0.027777778,0.0,0.0462963,51,7885,1280,0.0,-7.768518571999997,0.0
8,-0.018518519,0.0,0.037037037,46,7914,1256,0.0,-7.768518571999997,0.0
9,-0.009259259,0.0,0.055555556,48,7976,1192,0.0,-7.768518571999997,0.0
10,-0.009259259,0.0,0.055555556,45,7954,1217,0.0,-7.768518571999997,0.0
11,-0.009259259,0.0,0.0462963,27,7893,1296,0.0,-7.768518571999997,0.0
12,-0.009259259,0.0,0.0462963,36,7960,1220,0.0,-7.768518571999997,0.0
13,-0.009259259,0.0,0.05555556,45,7902,1269,0.0,-7.768518571999997,0.0
14,-0.018518519,0.0,0.06481481,45,7919,1252,0.0,-7.768518571999997,0.0
15,-0.027777778,0.0,0.06481481,30,7808,1378,0.0,-7.768518571999997,0.0
16,-0.027777778,0.0,0.05555556,12,7810,1394,0.0,-7.768518571999997,0.0
17,-0.018518519,0.0,0.05555556,27,7746,1443,0.0,-7.768518571999997,0.0
18,-0.018518519,0.0,0.0462963,27,7727,1462,0.0,-7.768518571999997,0.0
19,-0.018518519,0.0,0.05555556,27,7747,1442,0.0,-7.768518571999997,0.0
20,-0.009259259,0.0,0.06481482,18,7744,1454,0.0,-7.768518571999997,0.0
21,-0.009259259,0.0,0.07407408,27,7780,1409,0.0,-7.768518571999997,0.0
22,-0.018518519,0.0,0.05555556,36,7735,1445,0.0,-7.768518571999997,0.0
23,-0.018518519,0.0,0.0462963,35,7615,1566,0.0,-7.768518571999997,0.0
24,-0.018518519,0.0,0.05555556,35,7560,1621,0.0,-7.768518571999997,0.0
25,-0.009259259,0.0,0.07407408,27,7563,1626,0.0,-7.768518571999997,0.0
26,-0.009259259,0.0,0.05555556,45,7533,1638,0.0,-7.768518571999997,0.0
27,-0.018518519,0.0,0.05555556,36,7487,1693,0.0,-7.768518571999997,0.0
28,-0.018518519,0.0,0.06481482,54,7386,1776,0.0,-7.768518571999997,0.0
29,-0.018518519,0.0,0.06481482,45,7199,1972,0.0,-7.768518571999997,0.0
30,-0.018518519,0.0,0.06481482,44,7161,2011,0.0,-7.768518571999997,0.0
31,-0.018518519,0.0,0.05555556,32,6960,2224,0.0,-7.768518571999997,0.0
32,-0.018518519,0.0,0.06481482,24,7074,2118,0.0,-7.768518571999997,0.0
33,-0.018518519,0.0,0.06481482,27,7039,2150,0.0,-7.768518571999997,0.0
34,-0.018518519,0.0,0.07407408,27,7037,2152,0.0,-7.768518571999997,0.0
35,-0.009259259,0.0,0.05555556,18,6752,2446,0.0,-7.768518571999997,0.0
36,-0.009259259,0.0,0.05555556,9,6660,2547,0.0,-7.768518571999997,0.0
37,-0.009259259,0.0,0.05555556,18,6561,2637,0.0,-7.768518571999997,0.0
38,-0.009259259,0.0,0.06481482,27,6433,2756,0.0,-7.768518571999997,0.0
39,-0.009259259,0.0,0.06481482,36,6408,2772,0.0,-7.768518571999997,0.0
40,-0.018518519,0.0,0.05555556,27,6293,2896,0.0,-7.768518571999997,0.0
41,-0.018518519,0.0,0.06481482,27,6180,3009,0.0,-7.768518571999997,0.0
42,-0.018518519,0.0,0.07407408,27,6077,3112,0.0,-7.768518571999997,0.0
43,-0.009259259,0.0,0.074074075,18,5966,3232,0.0,-7.768518571999997,0.0
44,-0.018518519,0.0,0.083333336,25,6005,3186,0.0,-7.768518571999997,0.0
45,-0.018518519,0.0,0.06481482,26,6084,3106,0.0,-7.768518571999997,0.0
46,-0.018518519,0.0,0.06481482,56,5925,3235,0.0,-7.768518571999997,0.0
47,-0.018518519,0.0,0.055555556,41,5812,3363,0.0,-7.768518571999997,0.0
48,-0.018518519,0.0,0.06481482,38,5474,3704,0.0,-7.768518571999997,0.0
49,-0.018518519,0.0,0.06481481,35,5652,3529,0.0,-7.768518571999997,0.0
50,-0.018518519,0.0,0.06481482,30,5596,3590,0.0,-7.768518571999997,0.0
51,-0.018518519,0.0,0.07407408,23,5587,3606,0.0,-7.768518571999997,0.0
52,-0.009259259,0.0,0.07407408,7,5376,3833,0.0,-7.768518571999997,0.0
53,-0.009259259,0.0,0.05555556,7,5238,3971,0.0,-7.768518571999997,0.0
54,0.0,0.0,0.06481482,0,5142,4074,0.0,-7.768518571999997,0.0
55,-0.009259259,0.0,0.074074075,9,4942,4265,0.0,-7.768518571999997,0.0
56,-0.009259259,0.0,0.08333334,10,4851,4355,0.0,-7.768518571999997,0.0
57,-0.018518519,0.0,0.06481482,22,4756,4438,0.0,-7.768518571999997,0.0
58,-0.009259259,0.0,0.06481482,14,4634,4568,0.0,-7.768518571999997,0.0
59,-0.009259259,0.009259259,0.05555556,20,4266,4930,0.009259259,-7.759259312999997,0.0006940687151069658
60,-0.009259259,0.009259259,0.05555556,18,3986,5212,0.009259259,-7.750000053999997,0.0013889651804926406
61,-0.018518519,0.009259259,0.05555556,19,3769,5428,0.009259259,-7.740740794999997,0.002084690383336696
62,-0.018518519,0.009259259,0.074074075,20,3610,5586,0.009259259,-7.731481535999997,0.0027812453119960834
63,-0.018518519,0.009259259,0.074074075,20,3562,5634,0.009259259,-7.722222276999997,0.0034786309560064788
64,-0.009259259,0.009259259,0.07407408,8,3563,5645,0.009259259,-7.712963017999997,0.004176848306083669
65,-0.009259259,0.009259259,0.06481482,4,3315,5897,0.009259259,-7.703703758999997,0.004875898354125052
66,-0.018518519,0.009259259,0.08333333,9,3244,5963,0.009259259,-7.694444499999997,0.005575782093211079
67,-0.018518519,0.009259259,0.074074075,10,2990,6216,0.009259259,-7.685185240999997,0.006276500517606309
68,-0.018518519,0.009259259,0.06481482,3,2880,6333,0.009259259,-7.675925981999997,0.006978054622761021
69,0.0,0.009259259,0.074074075,0,2633,6583,0.009259259,-7.666666722999997,0.007680445405313041
70,0.0,0.009259259,0.07407408,0,2750,6466,0.009259259,-7.657407463999997,0.008383673863088414
71,-0.009259259,0.009259259,0.12037037,9,2691,6516,0.009259259,-7.6481482049999965,0.0090877409951034
72,-0.018518519,0.009259259,0.0925926,21,2628,6567,0.009259259,-7.638888945999997,0.009792647801565746
73,-0.018518519,0.009259259,0.0925926,17,2576,6623,0.009259259,-7.629629686999997,0.010498395283875805
74,-0.009259259,0.009259259,0.07407408,7,2442,6767,0.009259259,-7.620370427999997,0.011204984444628419
75,-0.009259259,0.009259259,0.092592604,6,2305,6905,0.009259259,-7.611111168999997,0.01191241628761408
76,-0.009259259,0.009259259,0.092592604,8,2134,7074,0.009259259,-7.601851909999997,0.012620691817820329
77,-0.009259259,0.009259259,0.092592604,13,2032,7171,0.009259259,-7.592592650999997,0.013329812041433464
78,-0.009259259,0.018518519,0.101851866,3,1895,7318,0.018518519,-7.574074131999997,0.014750590676439301
79,-0.009259259,0.018518519,0.092592604,2,1652,7562,0.018518519,-7.555555612999997,0.016174760189699655
80,0.0,0.018518519,0.101851866,0,1370,7846,0.018518519,-7.537037093999997,0.017602328673998968
81,0.0,0.018518519,0.11111113,0,1151,8065,0.018518519,-7.518518574999997,0.019033304241436177
82,0.0,0.018518519,0.11111112,0,883,8333,0.018518519,-7.500000055999997,0.020467695023471122
83,0.0,0.027777778,0.12962964,0,745,8471,0.027777778,-7.472222277999997,0.02262570252031859
84,0.0,0.027777778,0.1388889,0,582,8634,0.027777778,-7.444444499999997,0.024791440185031877
85,0.0,0.037037037,0.12962964,0,466,8750,0.037037037,-7.407407462999997,0.027691162957812043
86,0.0,0.0462963,0.15740743,0,321,8895,0.0462963,-7.361111162999997,0.03133531182074917
87,0.0,0.0462963,0.17592594,0,286,8930,0.0462963,-7.314814862999997,0.035001242741742156
88,0.0,0.05555556,0.20370373,0,230,8986,0.05555556,-7.259259302999997,0.039429295535988285
89,0.0,0.06481482,0.21296299,0,232,8984,0.06481482,-7.194444482999997,0.04463553969869383
90,0.0,0.07407408,0.2037037,0,203,9013,0.07407408,-7.120370402999997,0.05063896506211352
91,0.0,0.08333334,0.20370369,0,223,8993,0.08333334,-7.037037062999997,0.05746159726815708
92,0.0,0.092592604,0.22222225,0,287,8929,0.092592604,-6.944444458999997,0.06512863280442183
93,0.0,0.101851866,0.23148149,0,312,8904,0.101851866,-6.842592592999997,0.073668593268792
94,0.0,0.11111113,0.22222222,0,324,8892,0.11111113,-6.731481462999997,0.08311350300056675
95,0.0,0.11111113,0.2685185,0,264,8952,0.11111113,-6.620370332999997,0.09269447154313848
96,0.0,0.12037038,0.24074076,0,316,8900,0.12037038,-6.499999952999997,0.1032296656861702
97,0.0,0.12962964,0.24074073,0,319,8897,0.12962964,-6.370370312999997,0.11475931168293413
98,0.0,0.1388889,0.25,0,354,8862,0.1388889,-6.231481412999997,0.12732787472334217
99,0.0,0.12962964,0.3055555,0,334,8882,0.12962964,-6.101851772999996,0.1392630099719332
100,0.0,0.1388889,0.28703704,0,345,8871,0.1388889,-5.962962872999997,0.1522736002198744
101,0.0,0.1574074,0.26851854,0,348,8868,0.1574074,-5.8055554729999965,0.16730288755340106
102,0.0,0.18518518,0.3148148,0,328,8888,0.18518518,-5.620370292999997,0.18537872979220615
103,0.0,0.20370369,0.35185185,0,331,8885,0.20370369,-5.416666602999997,0.2057662156130866
104,0.0,0.19444443,0.36111107,0,324,8892,0.19444443,-5.222222172999997,0.22573208824261792
105,0.0,0.20370369,0.35185185,0,267,8949,0.20370369,-5.018518482999997,0.24719170242009397
106,0.0,0.23148148,0.39814815,0,260,8956,0.23148148,-4.7870370029999965,0.272270532589972
107,0.0,0.2685185,0.40740737,0,211,9005,0.2685185,-4.5185185029999975,0.3023137812382005
108,0.0,0.2685185,0.43518513,0,179,9037,0.2685185,-4.250000002999997,0.333413628898573
109,0.0,0.24999996,0.42592588,0,177,9039,0.24999996,-4.000000042999997,0.36335108160825635
110,0.0,0.24074073,0.4074073,0,188,9028,0.24074073,-3.7592593129999976,0.39310474200079004
111,0.0,0.24999999,0.41666663,0,161,9055,0.24999999,-3.5092593229999975,0.4249943711378434
112,0.0,0.26851848,0.40740734,0,182,9034,0.26851848,-3.2407408429999975,0.4604088024502847
113,0.0,0.25925925,0.4074074,0,228,8988,0.25925925,-2.981481592999997,0.49578339446412073
114,0.0,0.24074073,0.3796296,0,205,9011,0.24074073,-2.7407408629999974,0.529705287410208
115,0.0,0.2037037,0.3425925,0,212,9004,0.2037037,-2.5370371629999973,0.5592410161483444
116,0.0,0.16666667,0.29629627,0,262,8954,0.16666667,-2.3703704929999976,0.5839893569462162
117,-0.009259259,0.14814815,0.23148148,1,309,8906,0.14814815,-2.2222223429999977,0.6064380769516546
118,0.0,0.13888888,0.21296299,0,378,8838,0.13888888,-2.083333462999998,0.6278761303330191
119,0.0,0.12962964,0.19444445,0,423,8793,0.12962964,-1.953703822999998,0.6482337561226038
120,0.0,0.12962964,0.18518518,0,452,8764,0.12962964,-1.8240741829999978,0.668933930125529
121,0.0,0.12962964,0.18518521,0,473,8743,0.12962964,-1.6944445429999977,0.6899824162397896
122,0.0,0.12037038,0.1851852,0,543,8673,0.12037038,-1.574074162999998,0.7098444419683624
123,-0.009259259,0.11111112,0.17592596,5,611,8600,0.11111112,-1.4629630429999976,0.7284537922250114
124,-0.009259259,0.101851866,0.17592591,15,716,8485,0.101851866,-1.361111176999998,0.745747768904624
125,-0.018518519,0.10185186,0.16666667,19,786,8411,0.10185186,-1.259259316999998,0.763269976129898
126,-0.027777778,0.0925926,0.1574074,26,837,8353,0.0925926,-1.1666667169999982,0.7793998413704263
127,-0.027777778,0.083333336,0.14814816,34,920,8262,0.083333336,-1.0833333809999983,0.7940820116776959
128,-0.027777778,0.06481482,0.14814816,60,999,8157,0.06481482,-1.0185185609999987,0.8056108634159236
129,-0.018518519,0.05555556,0.14814815,38,1030,8148,0.05555556,-0.9629630009999985,0.8155695840180714
130,-0.027777778,0.0462963,0.12037039,87,1137,7992,0.0462963,-0.9166667009999987,0.8239230941485683
131,-0.027777778,0.037037037,0.11111113,124,1358,7734,0.037037037,-0.8796296639999985,0.8306418378549574
132,-0.0462963,0.027777778,0.092592604,395,1897,6924,0.027777778,-0.8518518859999986,0.8357019585899546
133,-0.05555556,0.009259259,0.07407408,1207,2572,5437,0.009259259,-0.8425926269999984,0.8373926901916763
134,-0.07407408,0.0,0.06481482,3134,2947,3135,0.0,-0.8425926269999984,0.8373926901916763
135,-0.11111113,-0.009259259,0.05555556,5231,2442,1543,-0.009259259,-0.8518518859999986,0.8357019585899546
136,-0.11111113,-0.027777778,0.0462963,6650,1793,773,-0.027777778,-0.8796296639999985,0.8306418378549574
137,-0.1388889,-0.0462963,0.0462963,7190,1561,465,-0.0462963,-0.9259259639999984,0.8222484066052065
138,-0.12962964,-0.05555556,0.0462963,7301,1541,374,-0.05555556,-0.9814815239999986,0.8122420936416961
139,-0.12962964,-0.05555556,0.037037037,7308,1524,384,-0.05555556,-1.0370370839999987,0.8023070842734304
140,-0.1388889,-0.05555556,0.027777778,7301,1516,399,-0.05555556,-1.092592643999999,0.7924428704009014
141,-0.14814815,-0.06481482,0.037037037,7333,1488,395,-0.06481482,-1.1574074639999985,0.7810234256957225
142,-0.16666667,-0.092592604,0.027777778,7341,1506,369,-0.092592604,-1.2500000679999985,0.7648743232055802
143,-0.16666669,-0.11111113,0.027777778,7342,1514,360,-0.11111113,-1.3611111979999988,0.745747765315495
144,-0.16666667,-0.101851866,0.027777778,7340,1525,351,-0.101851866,-1.4629630639999984,0.7284537886826319
145,-0.16666666,-0.08333334,0.037037037,7332,1529,355,-0.08333334,-1.5462964039999987,0.7144718529041769
146,-0.17592593,-0.074074075,0.037037037,7325,1523,368,-0.074074075,-1.620370478999999,0.7021687564293619
147,-0.14814815,-0.06481482,0.037037037,7305,1500,411,-0.06481482,-1.6851852989999987,0.6914993594314882
148,-0.14814815,-0.037037037,0.074074075,7206,1550,460,-0.037037037,-1.7222223359999989,0.6854424098482831
149,-0.11111113,-0.018518519,0.06481482,6266,2398,552,-0.018518519,-1.7407408549999985,0.6824247466543308
150,-0.092592604,0.0,0.06481482,3237,5292,687,0.0,-1.7407408549999985,0.6824247466543308
151,-0.09259259,0.0,0.05555556,2929,5043,1244,0.0,-1.7407408549999985,0.6824247466543308
152,-0.10185186,-0.009259259,0.08333334,4991,2893,1332,-0.009259259,-1.7500001139999988,0.6809186105496904
153,-0.14814816,-0.027777778,0.083333336,6355,1969,892,-0.027777778,-1.7777778919999987,0.6764109580488096
154,-0.1851852,-0.055555556,0.06481482,6964,1634,618,-0.055555556,-1.8333334479999985,0.6674438631148197
155,-0.22222224,-0.074074075,0.06481482,7219,1552,445,-0.074074075,-1.907407522999999,0.6555870549952449
156,-0.22222222,-0.08333333,0.083333336,7262,1534,420,-0.08333333,-1.9907408529999993,0.6423825889563666
157,-0.19444445,-0.06481481,0.08333334,7052,1681,483,-0.06481481,-2.055555662999999,0.6322099303585004
158,-0.1851852,-0.037037037,0.08333334,6500,1944,772,-0.037037037,-2.092592699999999,0.6264349751466189
159,-0.17592593,-0.027777778,0.10185186,5827,2118,1271,-0.027777778,-2.120370477999999,0.622121791096127
160,-0.15740742,-0.027777782,0.12962963,6014,1999,1203,-0.027777782,-2.1481482599999993,0.6178240014765253
161,-0.17592594,-0.027777778,0.12037039,5731,2084,1401,-0.027777778,-2.175926037999999,0.6135415525760204
162,-0.13888891,-0.009259259,0.12037037,4071,2205,2940,-0.009259259,-2.1851852969999994,0.6121174691021446
163,-0.12037038,0.018518519,0.16666667,2055,2113,5048,0.018518519,-2.1666667779999997,0.6149673345739849
164,-0.10185186,0.037037037,0.17592594,870,1967,6379,0.037037037,-2.1296297409999996,0.6206874863511772
165,-0.0925926,0.0462963,0.19444446,589,1853,6774,0.0462963,-2.0833334409999997,0.6278761337592529
166,-0.11111111,0.0462963,0.16666666,447,1793,6976,0.0462963,-2.037037141,0.6351077496466836
167,-0.06481482,0.037037037,0.1851852,368,1876,6972,0.037037037,-2.0000001039999997,0.6409241517305593
168,-0.046296302,0.027777778,0.1388889,233,2048,6935,0.027777778,-1.9722223259999998,0.6453046874488234
169,-0.0462963,0.027777778,0.12962964,133,2093,6990,0.027777778,-1.9444445479999999,0.6497009146215863
170,-0.037037037,0.037037037,0.14814816,36,1830,7350,0.037037037,-1.9074075109999997,0.6555870569069047
171,-0.027777778,0.074074075,0.20370372,12,1593,7611,0.074074075,-1.8333334359999993,0.6674438650447947
172,-0.018518519,0.10185186,0.24999999,3,1561,7652,0.10185186,-1.7314815759999993,0.6839326822444911
173,0.0,0.12037039,0.27777776,0,1495,7721,0.12037039,-1.6111111859999996,0.7037002412052163
174,-0.009259259,0.12962964,0.28703701,1,1475,7740,0.12962964,-1.4814815459999995,0.7253337237167917
175,-0.009259259,0.12962963,0.29629624,1,1395,7820,0.12962963,-1.3518519159999993,0.7473312209727373
176,0.0,0.12037037,0.25,0,1374,7842,0.12037037,-1.2314815459999995,0.7680887638637078
177,0.0,0.10185186,0.24074073,0,1300,7916,0.10185186,-1.1296296859999995,0.7859058090244381
178,-0.009259259,0.08333334,0.23148146,9,1302,7905,0.08333334,-1.0462963459999992,0.8006581455869001
179,-0.009259259,0.083333336,0.19444445,21,1226,7969,0.083333336,-0.9629630099999993,0.8155695823989831
180,-0.009259259,0.07407408,0.1851852,23,1173,8020,0.07407408,-0.8888889299999994,0.8289591464962365
181,-0.009259259,0.07407408,0.1851852,10,1182,8024,0.07407408,-0.8148148499999994,0.842476992875151
182,-0.009259259,0.07407408,0.1851852,14,1175,8027,0.07407408,-0.7407407699999995,0.8561243505782608
183,-0.018518519,0.06481482,0.1574074,27,1122,8067,0.06481482,-0.6759259499999999,0.8681730034827008
184,-0.009259259,0.05555556,0.1388889,32,1058,8126,0.05555556,-0.6203703899999997,0.8785807327719686
185,-0.009259259,0.0462963,0.14814815,15,1090,8111,0.0462963,-0.5740740899999999,0.8873108774890133
186,-0.009259259,0.0462963,0.16666666,8,1124,8084,0.0462963,-0.52777779,0.8960932046295027
187,-0.009259259,0.0462963,0.17592594,27,1072,8117,0.0462963,-0.4814814900000002,0.904928026101819
188,-0.009259259,0.0462963,0.16666667,51,1016,8149,0.0462963,-0.43518519000000033,0.913815655678705
189,-0.018518519,0.0462963,0.16666666,76,1061,8079,0.0462963,-0.3888888900000005,0.9227564090084074
190,-0.009259259,0.037037037,0.16666667,80,1072,8064,0.037037037,-0.3518518530000003,0.9299474735101441
191,-0.009259259,0.037037037,0.15740742,50,1135,8031,0.037037037,-0.31481481600000016,0.9371729038460095
192,-0.009259259,0.037037037,0.1574074,111,1054,8051,0.037037037,-0.277777779,0.9444328642490675
193,-0.009259259,0.037037037,0.15740742,97,1170,7949,0.037037037,-0.24074074199999984,0.9517275197372455
194,-0.018518519,0.027777778,0.17592594,123,1215,7878,0.027777778,-0.21296296399999992,0.9572213797657639
195,-0.018518519,0.027777778,0.17592594,86,1443,7687,0.027777778,-0.185185186,0.9627349192719089
196,-0.027777778,0.027777778,0.19444445,118,1572,7526,0.027777778,-0.15740740800000008,0.9682682087492561
197,-0.018518519,0.027777778,0.16666667,103,1790,7323,0.027777778,-0.12962963000000016,0.9738213189438959
198,-0.018518519,0.018518519,0.1574074,84,1899,7233,0.018518519,-0.11111111100000048,0.9775344390345415
199,-0.018518519,0.018518519,0.18518516,119,2187,6910,0.018518519,-0.0925925920000008,0.9812564209829467
200,-0.018518519,0.018518519,0.17592594,141,2381,6694,0.018518519,-0.07407407300000113,0.9849872859391205
201,-0.018518519,0.018518519,0.17592594,185,2581,6450,0.018518519,-0.05555555400000145,0.9887270551035491
202,-0.018518519,0.009259259,0.19444445,264,2833,6119,0.009259259,-0.04629629500000121,0.9906002853016282
203,-0.018518519,0.009259259,0.1851852,285,3073,5858,0.009259259,-0.03703703600000097,0.9924757495246459
204,-0.018518519,0.009259259,0.17592591,284,3346,5586,0.009259259,-0.027777777000000725,0.9943534504369125
205,-0.018518519,0.009259259,0.14814815,325,3554,5337,0.009259259,-0.018518518000000483,0.9962333907059165
206,-0.018518519,0.009259259,0.1574074,499,3828,4889,0.009259259,-0.009259259000000242,0.9981155730023276
207,-0.018518519,0.009259259,0.16666667,657,4312,4247,0.009259259,0.0,1.0
208,-0.027777778,0.0,0.16666667,737,4553,3926,0.0,0.0,1.0
209,-0.027777778,0.0,0.1388889,853,4750,3613,0.0,0.0,1.0
210,-0.027777778,0.0,0.12037039,993,4998,3225,0.0,0.0,1.0
211,-0.027777778,0.0,0.12037039,1090,5279,2847,0.0,0.0,1.0
212,-0.037037037,0.0,0.10185186,1322,5462,2432,0.0,0.0,1.0
213,-0.037037037,0.0,0.092592604,1663,5454,2099,0.0,0.0,1.0
214,-0.037037037,0.0,0.11111113,1936,5399,1881,0.0,0.0,1.0
215,-0.0462963,0.0,0.08333334,2329,5254,1633,0.0,0.0,1.0
216,-0.0462963,0.0,0.08333334,2439,5282,1495,0.0,0.0,1.0
217,-0.037037037,0.0,0.07407408,2792,5186,1238,0.0,0.0,1.0
218,-0.037037037,0.0,0.08333334,2999,5122,1095,0.0,0.0,1.0
219,-0.0462963,0.0,0.07407408,3235,5092,889,0.0,0.0,1.0
220,-0.0462963,0.0,0.06481482,3481,4972,763,0.0,0.0,1.0
221,-0.0462963,0.0,0.05555556,3726,4763,727,0.0,0.0,1.0
222,-0.0462963,0.0,0.07407408,4082,4514,620,0.0,0.0,1.0
223,-0.0462963,0.0,0.07407408,4236,4410,570,0.0,0.0,1.0
224,-0.0462963,-0.009259259,0.06481482,4379,4322,515,-0.009259259,-0.009259259000000242,0.9981155730023276
225,-0.05555556,-0.009259259,0.07407408,4680,4067,469,-0.009259259,-0.018518518000000483,0.9962333907059165
226,-0.0462963,-0.009259259,0.06481482,4905,3858,453,-0.009259259,-0.027777777000000725,0.9943534504369125
227,-0.0462963,-0.009259259,0.05555556,5121,3657,438,-0.009259259,-0.03703703600000097,0.9924757495246459
228,-0.05555556,-0.009259259,0.0462963,4992,3796,428,-0.009259259,-0.04629629500000121,0.9906002853016282
229,-0.05555556,-0.009259259,0.0462963,5148,3709,359,-0.009259259,-0.05555555400000145,0.9887270551035491
230,-0.05555556,-0.009259259,0.0462963,5306,3637,273,-0.009259259,-0.06481481300000169,0.9868560562692712
231,-0.05555556,-0.009259259,0.027777778,5659,3310,247,-0.009259259,-0.07407407200000193,0.9849872861408273
232,-0.06481482,-0.009259259,0.037037037,5883,3146,187,-0.009259259,-0.08333333100000218,0.9831207420634165
233,-0.07407408,-0.009259259,0.0462963,6130,2866,220,-0.009259259,-0.09259259000000242,0.9812564213853997
234,-0.06481482,-0.009259259,0.027777778,6150,2883,183,-0.009259259,-0.10185184900000266,0.9793943214582973
235,-0.06481482,-0.009259259,0.037037037,6185,2861,170,-0.009259259,-0.1111111080000029,0.9775344396367837
236,-0.07407408,-0.009259259,0.037037037,6500,2606,110,-0.009259259,-0.12037036700000314,0.9756767732786847
237,-0.08333334,-0.009259259,0.027777778,6590,2569,57,-0.009259259,-0.12962962600000338,0.9738213197449737
238,-0.07407408,-0.009259259,0.009259259,6811,2388,17,-0.009259259,-0.13888888500000363,0.971968076399767
239,-0.07407408,-0.018518519,0.018518519,6882,2318,16,-0.018518519,-0.1574074040000033,0.9682682095474746
240,-0.07407408,-0.018518519,0.018518519,6823,2375,18,-0.018518519,-0.17592592300000298,0.964577151897975
241,-0.07407408,-0.018518519,0.009259259,7067,2135,14,-0.018518519,-0.19444444200000266,0.9608948824769855
242,-0.07407408,-0.018518519,0.009259259,7145,2063,8,-0.018518519,-0.21296296100000234,0.9572213803601618
243,-0.092592604,-0.018518519,0.009259259,7087,2127,2,-0.018518519,-0.23148148000000202,0.9535566246729796
244,-0.08333334,-0.018518519,0.009259259,7240,1972,4,-0.018518519,-0.2499999990000017,0.9499005945906163
245,-0.092592604,-0.018518519,0.0,7298,1918,0,-0.018518519,-0.26851851800000137,0.9462532693378313
246,-0.0925926,-0.018518519,0.0,7440,1776,0,-0.018518519,-0.28703703700000105,0.9426146281888497
247,-0.101851866,-0.018518519,0.0,7492,1724,0,-0.018518519,-0.3055555560000007,0.9389846504672427
248,-0.101851866,-0.018518519,0.0,7558,1658,0,-0.018518519,-0.3240740750000004,0.9353633155458121
249,-0.11111112,-0.018518519,0.009259259,7650,1559,7,-0.018518519,-0.3425925940000001,0.9317506028464715
250,-0.11111113,-0.018518519,0.0,7745,1471,0,-0.018518519,-0.36111111299999976,0.9281464918401298
251,-0.1388889,-0.027777778,0.0,7839,1377,0,-0.027777778,-0.3888888909999997,0.9227564088147113
252,-0.13888888,-0.027777778,0.0,7969,1247,0,-0.027777778,-0.4166666689999996,0.9173855646136786
253,-0.13888888,-0.027777778,0.0,8123,1093,0,-0.027777778,-0.4444444469999995,0.9120338905678921
254,-0.12962964,-0.027777778,0.0,8198,1018,0,-0.027777778,-0.47222222499999944,0.9067013182533128
255,-0.14814813,-0.037037037,0.0,8130,1086,0,-0.037037037,-0.5092592619999996,0.8996208178949628
256,-0.1574074,-0.037037037,0.0,8178,1038,0,-0.037037037,-0.5462962989999998,0.8925739940499209
257,-0.16666667,-0.037037037,0.0,8197,1019,0,-0.037037037,-0.5833333359999999,0.885560686544825
258,-0.16666667,-0.0462963,0.0,8218,998,0,-0.0462963,-0.6296296359999998,0.8768409410310322
259,-0.17592593,-0.0462963,0.0,8271,945,0,-0.0462963,-0.6759259359999996,0.8681730060960815
260,-0.18518518,-0.0462963,0.0,8263,953,0,-0.0462963,-0.7222222359999995,0.8595565738942823
261,-0.17592594,-0.0462963,0.0,8247,969,0,-0.0462963,-0.7685185359999993,0.8509913384090873
262,-0.20370372,-0.05555556,0.0,8219,997,0,-0.05555556,-0.8240740959999995,0.8407802073089699
263,-0.18518521,-0.05555556,0.0,8240,976,0,-0.05555556,-0.8796296559999996,0.8306418393096678
264,-0.21296297,-0.06481481,0.0,8240,976,0,-0.06481481,-0.9444444659999993,0.8189050180609657
265,-0.23148148,-0.06481481,0.0,8303,913,0,-0.06481481,-1.009259275999999,0.8072657128567731
266,-0.21296297,-0.06481482,0.0,8274,942,0,-0.06481482,-1.0740740959999986,0.7957231117060677
267,-0.20370369,-0.06481482,0.0,8342,874,0,-0.06481482,-1.1388889159999982,0.7842764129259152
268,-0.21296297,-0.06481482,0.0,8327,889,0,-0.06481482,-1.2037037359999978,0.7729248197059123
269,-0.20370369,-0.06481482,0.0,8311,905,0,-0.06481482,-1.2685185559999974,0.7616675418560013
270,-0.19444445,-0.05555556,0.0,8198,1018,0,-0.05555556,-1.3240741159999976,0.752092919713616
271,-0.18518518,-0.05555556,0.0,8204,1012,0,-0.05555556,-1.3796296759999978,0.742586524997692
272,-0.17592593,-0.0462963,0.0,8237,979,0,-0.0462963,-1.4259259759999976,0.7347162967155101
273,-0.14814815,-0.0462963,0.0,8251,965,0,-0.0462963,-1.4722222759999974,0.7268928313901456
274,-0.14814816,-0.0462963,0.0,8320,896,0,-0.0462963,-1.5185185759999973,0.719115851167634
275,-0.16666666,-0.0462963,0.0,8304,912,0,-0.0462963,-1.5648148759999971,0.7113850798449504
276,-0.15740742,-0.0462963,0.0,8263,953,0,-0.0462963,-1.611111175999997,0.7037002428602
277,-0.16666669,-0.0462963,0.0,8249,967,0,-0.0462963,-1.6574074759999968,0.6960610672828682
278,-0.15740742,-0.0462963,0.0,8287,929,0,-0.0462963,-1.7037037759999967,0.6884672818041246
279,-0.17592593,-0.05555556,0.0,8361,855,0,-0.05555556,-1.7592593359999968,0.6794142745396256
280,-0.21296296,-0.05555556,0.0,8433,783,0,-0.05555556,-1.814814895999997,0.6704257777464748
281,-0.1851852,-0.05555556,0.0,8382,834,0,-0.05555556,-1.8703704559999972,0.6615013317320211
282,-0.2037037,-0.06481481,0.0,8404,812,0,-0.06481481,-1.9351852659999969,0.6511698239762809
283,-0.2037037,-0.06481482,0.0,8313,903,0,-0.06481482,-2.0000000859999965,0.6409241545640749
284,-0.21296296,-0.06481482,0.0,8377,839,0,-0.06481482,-2.064814905999996,0.6307636118899154
285,-0.22222224,-0.07407408,0.0,8370,846,0,-0.07407408,-2.138888985999996,0.6192548929126372
286,-0.2037037,-0.074074075,0.0,8373,843,0,-0.074074075,-2.2129630609999964,0.607855390672999
287,-0.23148146,-0.07407408,0.0,8429,787,0,-0.07407408,-2.2870371409999963,0.5965640671893616
288,-0.19444443,-0.074074075,0.0,8494,722,0,-0.074074075,-2.3611112159999967,0.5853798973791221
289,-0.18518518,-0.074074075,0.0,8501,715,0,-0.074074075,-2.435185290999997,0.5743018636119432
290,-0.18518518,-0.06481482,0.0,8463,753,0,-0.06481482,-2.5000001109999967,0.5646948561029123
291,-0.19444446,-0.06481482,0.0,8418,798,0,-0.06481482,-2.5648149309999964,0.5551676689724949
292,-0.17592593,-0.05555556,0.0,8535,681,0,-0.05555556,-2.6203704909999965,0.5470645362196457
293,-0.17592593,-0.05555556,0.0,8505,711,0,-0.05555556,-2.6759260509999967,0.5390191452644127
294,-0.17592593,-0.05555556,0.0,8528,688,0,-0.05555556,-2.731481610999997,0.5310310846467725
295,-0.16666667,-0.05555556,0.0,8481,735,0,-0.05555556,-2.787037170999997,0.5230999458387089
296,-0.16666669,-0.05555556,0.0,8607,609,0,-0.05555556,-2.842592730999997,0.5152253232233187
297,-0.17592593,-0.05555556,0.0,8671,545,0,-0.05555556,-2.8981482909999974,0.5074068140740697
298,-0.17592596,-0.06481482,0.0,8706,510,0,-0.06481482,-2.962963110999997,0.49835560796068334
299,-0.2037037,-0.06481481,0.0,8734,482,0,-0.06481481,-3.0277779209999967,0.489379605696906
300,-0.1851852,-0.06481482,0.0,8739,477,0,-0.06481482,-3.0925927409999963,0.4804781796889956
301,-0.1851852,-0.06481482,0.0,8739,477,0,-0.06481482,-3.157407560999996,0.4716507116949082
302,-0.23148148,-0.06481482,0.0,8802,414,0,-0.06481482,-3.2222223809999955,0.4628965872302005
303,-0.22222222,-0.06481482,0.0,8804,412,0,-0.06481482,-3.287037200999995,0.4542151969159079
304,-0.1851852,-0.06481482,0.0,8888,328,0,-0.06481482,-3.3518520209999947,0.44560593643612706
305,-0.1851852,-0.074074075,0.0,8875,341,0,-0.074074075,-3.425926095999995,0.43585433595716844
306,-0.20370372,-0.06481482,0.0,8865,351,0,-0.06481482,-3.4907409159999947,0.4273976277546729
307,-0.1851852,-0.06481482,0.0,8916,300,0,-0.06481482,-3.5555557359999943,0.4190111826023427
308,-0.18518518,-0.06481482,0.0,8879,337,0,-0.06481482,-3.620370555999994,0.41069441671555396
309,-0.19444445,-0.06481482,0.0,8898,318,0,-0.06481482,-3.6851853759999935,0.4024467511600912
310,-0.17592593,-0.06481481,0.0,8924,292,0,-0.06481481,-3.750000185999993,0.3942676130685143
311,-0.17592593,-0.05555556,0.0,8917,299,0,-0.05555556,-3.8055557459999934,0.3873110317480333
312,-0.17592594,-0.05555556,0.0,8953,263,0,-0.05555556,-3.8611113059999935,0.38040402205903834
313,-0.18518518,-0.05555556,0.0,8942,274,0,-0.05555556,-3.9166668659999937,0.37354623076097443
314,-0.18518518,-0.05555556,0.0,8937,279,0,-0.05555556,-3.972222425999994,0.3667373071304293
315,-0.17592594,-0.05555556,0.0,8856,360,0,-0.05555556,-4.027777985999994,0.3599769029431971
316,-0.17592594,-0.05555556,0.0,8815,401,0,-0.05555556,-4.083333545999994,0.3532646724564695
317,-0.17592594,-0.05555556,0.0,8803,413,0,-0.05555556,-4.138889105999994,0.3466002723911528
318,-0.17592594,-0.05555556,0.0,8833,383,0,-0.05555556,-4.1944446659999945,0.33998336191431267
319,-0.17592594,-0.05555556,0.0,8757,459,0,-0.05555556,-4.250000225999995,0.3334136026217433
320,-0.15740742,-0.05555556,0.0,8747,469,0,-0.05555556,-4.305555785999995,0.3268906585206596
321,-0.17592593,-0.05555556,0.0,8736,480,0,-0.05555556,-4.361111345999995,0.3204141960125148
322,-0.18518516,-0.05555556,0.0,8771,445,0,-0.05555556,-4.416666905999995,0.31398388387593856
323,-0.16666667,-0.05555556,0.0,8795,421,0,-0.05555556,-4.472222465999995,0.30759939324979835
324,-0.15740742,-0.05555556,0.0,8799,417,0,-0.05555556,-4.527778025999996,0.3012603976163803
325,-0.19444445,-0.05555556,0.0,8750,466,0,-0.05555556,-4.583333585999996,0.2949665727846904
326,-0.18518521,-0.05555556,0.0,8637,579,0,-0.05555556,-4.638889145999996,0.28871759687387416
327,-0.17592594,-0.05555556,0.0,8670,546,0,-0.05555556,-4.694444705999996,0.2825131502967563
328,-0.18518518,-0.055555556,0.0,8629,587,0,-0.055555556,-4.750000261999996,0.27635291618544683
329,-0.19444446,-0.0462963,0.0,8619,597,0,-0.0462963,-4.796296561999996,0.27125293310251136
330,-0.17592594,-0.0462963,0.0,8600,616,0,-0.0462963,-4.842592861999996,0.26618325286215266
331,-0.14814816,-0.0462963,0.0,8532,684,0,-0.0462963,-4.8888891619999955,0.2611436954123477
332,-0.14814816,-0.0462963,0.0,8416,800,0,-0.0462963,-4.935185461999995,0.25613408177089964
333,-0.14814816,-0.0462963,0.0,8367,849,0,-0.0462963,-4.981481761999995,0.2511542340190785
334,-0.1574074,-0.0462963,0.0,8368,848,0,-0.0462963,-5.027778061999995,0.2462039752953039
335,-0.15740742,-0.0462963,0.0,8325,891,0,-0.0462963,-5.074074361999995,0.2412831297888638
336,-0.14814816,-0.0462963,0.0,8266,950,0,-0.0462963,-5.120370661999995,0.23639152273366948
337,-0.13888891,-0.0462963,0.009259259,8088,1126,2,-0.0462963,-5.1666669619999945,0.23152898040204972
338,-0.14814815,-0.037037037,0.009259259,8070,1131,15,-0.037037037,-5.203703998999995,0.22765975736453603
339,-0.13888891,-0.037037037,0.009259259,8010,1191,15,-0.037037037,-5.240741035999995,0.22380893725542028
340,-0.16666667,-0.037037037,0.009259259,8044,1164,8,-0.037037037,-5.277778072999995,0.21997643254607668
341,-0.14814815,-0.0462963,0.0,7979,1237,0,-0.0462963,-5.324074372999995,0.2152114246348159
342,-0.14814815,-0.0462963,0.0,7924,1292,0,-0.0462963,-5.370370672999995,0.2104747292262169
343,-0.14814816,-0.037037037,0.0,7949,1267,0,-0.037037037,-5.407407709999995,0.20670564512437606
344,-0.1388889,-0.037037037,0.009259259,8012,1198,6,-0.037037037,-5.444444746999995,0.2029544876667682
345,-0.14814816,-0.037037037,0.009259259,8117,1093,6,-0.037037037,-5.481481783999995,0.19922117159008662
346,-0.1851852,-0.037037037,0.009259259,8188,1021,7,-0.037037037,-5.518518820999995,0.19550561203655692
347,-0.17592591,-0.037037037,0.009259259,8175,1031,10,-0.037037037,-5.5555558579999955,0.19180772455200806
348,-0.14814815,-0.037037037,0.027777778,8163,1026,27,-0.037037037,-5.592592894999996,0.18812742508395275
349,-0.1388889,-0.037037037,0.027777778,8295,884,37,-0.037037037,-5.629629931999996,0.18446462997967705
350,-0.14814816,-0.037037037,0.018518519,8184,989,43,-0.037037037,-5.666666968999996,0.1808192559843388
351,-0.13888891,-0.037037037,0.037037037,8161,1012,43,-0.037037037,-5.703704005999996,0.17719122023907508
352,-0.14814816,-0.037037037,0.037037037,8206,970,40,-0.037037037,-5.740741042999996,0.17358044027911967
353,-0.1574074,-0.037037037,0.027777778,8314,869,33,-0.037037037,-5.7777780799999965,0.16998683403192744
354,-0.1388889,-0.027777778,0.018518519,8321,876,19,-0.027777778,-5.805555857999996,0.16730285041985576
355,-0.1388889,-0.027777778,0.018518519,8373,806,37,-0.027777778,-5.833333635999996,0.16462844675101007
356,-0.1574074,-0.027777778,0.018518519,8303,852,61,-0.027777778,-5.861111413999996,0.16196358883169726
357,-0.13888888,-0.027777778,0.027777778,8308,842,66,-0.027777778,-5.888889191999996,0.1593082425902715
358,-0.12962964,-0.027777778,0.018518519,8280,873,63,-0.027777778,-5.916666969999996,0.1566623740766992
359,-0.12962964,-0.027777778,0.027777778,8284,869,63,-0.027777778,-5.944444747999996,0.15402594946212456
360,-0.1388889,-0.027777778,0.027777778,8233,929,54,-0.027777778,-5.972222525999996,0.15139893503843682
361,-0.12962964,-0.027777778,0.037037037,8169,976,71,-0.027777778,-6.000000303999996,0.14878129721784006
362,-0.12037037,-0.027777778,0.0462963,8105,1005,106,-0.027777778,-6.027778081999996,0.14617300253242288
363,-0.12037038,-0.027777778,0.027777778,8148,962,106,-0.027777778,-6.055555859999996,0.14357401763373123
364,-0.11111113,-0.027777778,0.018518519,8129,988,99,-0.027777778,-6.083333637999996,0.1409843092923414
365,-0.12962964,-0.027777778,0.018518519,8037,1073,106,-0.027777778,-6.1111114159999955,0.13840384439743586
366,-0.14814816,-0.018518519,0.018518519,7843,1262,111,-0.018518519,-6.129629934999995,0.1366886533871987
367,-0.15740742,-0.018518519,0.027777778,7856,1233,127,-0.018518519,-6.148148453999995,0.13497754616322777
368,-0.12962963,-0.018518519,0.037037037,7690,1335,191,-0.018518519,-6.166666972999995,0.13327051300222637
369,-0.1388889,-0.018518519,0.0462963,7369,1577,270,-0.018518519,-6.185185491999995,0.13156754420404948
370,-0.12037038,-0.018518519,0.037037037,7325,1572,319,-0.018518519,-6.203704010999995,0.12986863009164684
371,-0.1388889,-0.018518519,0.0462963,7250,1643,323,-0.018518519,-6.2222225299999945,0.1281737610110093
372,-0.120370366,-0.018518519,0.027777778,7049,1860,307,-0.018518519,-6.240741048999995,0.12648292733111288
373,-0.11111112,-0.018518519,0.037037037,6836,2036,344,-0.018518519,-6.259259567999995,0.12479611944386543
374,-0.11111112,-0.018518519,0.027777778,6704,2176,336,-0.018518519,-6.277778086999994,0.12311332776405048
375,-0.11111113,-0.018518519,0.027777778,6505,2354,357,-0.018518519,-6.296296605999994,0.12143454272927362
376,-0.101851866,-0.018518519,0.037037037,6309,2559,348,-0.018518519,-6.314815124999994,0.11975975479990819
377,-0.11111113,-0.009259259,0.037037037,6154,2770,292,-0.009259259,-6.324074383999994,0.1189238568199451
378,-0.11111112,-0.018518519,0.037037037,6044,2864,308,-0.018518519,-6.342592902999995,0.11725504671146003
379,-0.11111113,-0.009259259,0.0462963,5883,3045,288,-0.009259259,-6.351852161999994,0.11642213230231879
380,-0.11111113,-0.018518519,0.06481482,5880,3070,266,-0.018518519,-6.370370680999994,0.11475927867807689
381,-0.11111112,-0.009259259,0.0462963,5780,3162,274,-0.009259259,-6.379629939999994,0.11392933719049736
382,-0.08333334,-0.009259259,0.037037037,5620,3262,334,-0.009259259,-6.388889198999994,0.11310038431680741
383,-0.083333336,-0.009259259,0.037037037,5477,3433,306,-0.009259259,-6.398148457999994,0.11227241887938516
384,-0.0925926,-0.009259259,0.0462963,5348,3533,335,-0.009259259,-6.407407716999995,0.11144543970201137
385,-0.10185186,-0.009259259,0.037037037,5062,3788,366,-0.009259259,-6.416666975999994,0.11061944560986775
386,-0.0925926,-0.009259259,0.037037037,5041,3784,391,-0.009259259,-6.425926234999994,0.10979443542953543
387,-0.092592604,-0.009259259,0.037037037,4900,4028,288,-0.009259259,-6.435185493999994,0.10897040798899327
388,-0.0925926,-0.009259259,0.037037037,4825,4142,249,-0.009259259,-6.444444752999994,0.10814736211761672
389,-0.101851866,-0.009259259,0.027777778,4770,4205,241,-0.009259259,-6.453704011999994,0.10732529664617485
390,-0.083333336,-0.009259259,0.027777778,4730,4246,240,-0.009259259,-6.462963270999994,0.10650421040683017
391,-0.0925926,-0.009259259,0.018518519,4516,4514,186,-0.009259259,-6.4722225299999945,0.1056841022331359
392,-0.08333334,-0.009259259,0.027777778,4295,4708,213,-0.009259259,-6.481481788999995,0.10486497096003489
393,-0.08333334,-0.009259259,0.037037037,4217,4801,198,-0.009259259,-6.490741047999994,0.10404681542385785
394,-0.08333334,-0.009259259,0.027777778,4143,4816,257,-0.009259259,-6.500000306999994,0.10322963446232153
395,-0.08333334,-0.009259259,0.027777778,4085,4856,275,-0.009259259,-6.509259565999995,0.1024134269145271
396,-0.11111112,-0.009259259,0.027777778,4013,4967,236,-0.009259259,-6.518518824999994,0.10159819162095879
397,-0.0925926,-0.009259259,0.037037037,3859,5117,240,-0.009259259,-6.527778083999994,0.10078392742348169
398,-0.08333334,-0.009259259,0.037037037,3768,5219,229,-0.009259259,-6.537037342999994,0.09997063316534094
399,-0.07407408,-0.009259259,0.037037037,3805,5205,206,-0.009259259,-6.546296601999995,0.09915830769115913
400,-0.08333334,0.0,0.027777778,3690,5249,277,0.0,-6.546296601999995,0.09915830769115913
401,-0.08333334,-0.009259259,0.037037037,3537,5390,289,-0.009259259,-6.555555860999995,0.09834694984693526
402,-0.07407408,0.0,0.037037037,3394,5486,336,0.0,-6.555555860999995,0.09834694984693526
403,-0.08333334,0.0,0.037037037,3411,5543,262,0.0,-6.555555860999995,0.09834694984693526
404,-0.07407408,0.0,0.0462963,3386,5558,272,0.0,-6.555555860999995,0.09834694984693526
405,-0.07407408,0.0,0.05555556,3307,5692,217,0.0,-6.555555860999995,0.09834694984693526
406,-0.08333334,0.0,0.0462963,3088,5917,211,0.0,-6.555555860999995,0.09834694984693526
407,-0.07407408,0.0,0.055555556,3001,5930,285,0.0,-6.555555860999995,0.09834694984693526
408,-0.07407408,0.0,0.05555556,2936,5906,374,0.0,-6.555555860999995,0.09834694984693526
409,-0.07407408,0.0,0.0462963,2938,5907,371,0.0,-6.555555860999995,0.09834694984693526
410,-0.10185185,0.0,0.06481481,2748,6056,412,0.0,-6.555555860999995,0.09834694984693526
411,-0.0925926,0.0,0.0462963,2696,6152,368,0.0,-6.555555860999995,0.09834694984693526
412,-0.0925926,0.0,0.06481482,2557,6260,399,0.0,-6.555555860999995,0.09834694984693526
413,-0.07407408,0.0,0.037037037,2511,6329,376,0.0,-6.555555860999995,0.09834694984693526
414,-0.074074075,0.0,0.027777778,2372,6523,321,0.0,-6.555555860999995,0.09834694984693526
415,-0.06481482,0.0,0.037037037,2324,6593,299,0.0,-6.555555860999995,0.09834694984693526
416,-0.06481482,0.0,0.037037037,2288,6618,310,0.0,-6.555555860999995,0.09834694984693526
417,-0.05555556,0.0,0.055555556,2109,6778,329,0.0,-6.555555860999995,0.09834694984693526
418,-0.06481481,0.0,0.0462963,1914,6915,387,0.0,-6.555555860999995,0.09834694984693526
419,-0.08333334,0.0,0.037037037,1807,7037,372,0.0,-6.555555860999995,0.09834694984693526
420,-0.06481481,0.0,0.027777778,1639,7263,314,0.0,-6.555555860999995,0.09834694984693526
421,-0.06481482,0.0,0.018518519,1536,7426,254,0.0,-6.555555860999995,0.09834694984693526
422,-0.06481482,0.0,0.027777778,1626,7351,239,0.0,-6.555555860999995,0.09834694984693526
423,-0.05555556,0.0,0.037037037,1485,7432,299,0.0,-6.555555860999995,0.09834694984693526
424,-0.0462963,0.0,0.0462963,1399,7467,350,0.0,-6.555555860999995,0.09834694984693526
425,-0.0462963,0.0,0.0462963,1298,7513,405,0.0,-6.555555860999995,0.09834694984693526
426,-0.0462963,0.0,0.0462963,1285,7569,362,0.0,-6.555555860999995,0.09834694984693526
427,-0.055555556,0.0,0.0462963,1229,7670,317,0.0,-6.555555860999995,0.09834694984693526
428,-0.055555556,0.0,0.037037037,1106,7795,315,0.0,-6.555555860999995,0.09834694984693526
429,-0.0462963,0.0,0.0462963,1076,7878,262,0.0,-6.555555860999995,0.09834694984693526
430,-0.0462963,0.0,0.037037037,927,8014,275,0.0,-6.555555860999995,0.09834694984693526
431,-0.0462963,0.0,0.027777778,822,8092,302,0.0,-6.555555860999995,0.09834694984693526
432,-0.0462963,0.0,0.027777778,711,8212,293,0.0,-6.555555860999995,0.09834694984693526
433,-0.0462963,0.0,0.027777778,692,8266,258,0.0,-6.555555860999995,0.09834694984693526
434,-0.0462963,0.0,0.037037037,626,8281,309,0.0,-6.555555860999995,0.09834694984693526
435,-0.055555556,0.0,0.037037037,637,8308,271,0.0,-6.555555860999995,0.09834694984693526
436,-0.05555556,0.0,0.0462963,564,8368,284,0.0,-6.555555860999995,0.09834694984693526
437,-0.05555556,0.0,0.037037037,610,8341,265,0.0,-6.555555860999995,0.09834694984693526
438,-0.06481481,0.0,0.0462963,472,8452,292,0.0,-6.555555860999995,0.09834694984693526
439,-0.0462963,0.0,0.037037037,408,8525,283,0.0,-6.555555860999995,0.09834694984693526
440,-0.037037037,0.0,0.037037037,367,8603,246,0.0,-6.555555860999995,0.09834694984693526
441,-0.0462963,0.0,0.055555556,351,8657,208,0.0,-6.555555860999995,0.09834694984693526
442,-0.06481482,0.0,0.0462963,350,8675,191,0.0,-6.555555860999995,0.09834694984693526
443,-0.0462963,0.0,0.027777778,315,8700,201,0.0,-6.555555860999995,0.09834694984693526
444,-0.037037037,0.0,0.027777778,209,8829,178,0.0,-6.555555860999995,0.09834694984693526
445,-0.037037037,0.0,0.027777778,151,8932,133,0.0,-6.555555860999995,0.09834694984693526
446,-0.018518519,0.0,0.027777778,106,8992,118,0.0,-6.555555860999995,0.09834694984693526
447,-0.027777778,0.0,0.018518519,96,9054,66,0.0,-6.555555860999995,0.09834694984693526
448,-0.018518519,0.0,0.027777778,84,9070,62,0.0,-6.555555860999995,0.09834694984693526
449,-0.027777778,0.0,0.027777778,56,9141,19,0.0,-6.555555860999995,0.09834694984693526
450,-0.018518519,0.0,0.027777778,32,9165,19,0.0,-6.555555860999995,0.09834694984693526
