Frame Index,Min,Median,Max,NegCount,ZeroCount,PosCount
0,-1.0,0.0,1.0,541,8648,27
1,-1.0,0.0,1.0,747,8442,27
2,-1.0,0.0,1.0,756,8433,27
3,-1.0,0.0,1.0,653,8536,27
4,-1.0,0.0,1.0,627,8535,54
5,-1.0,0.0,1.0,620,8524,72
6,-1.0,0.0,1.0,604,8540,72
7,-1.0,0.0,1.0,534,8592,90
8,-1.0,0.0,1.0,485,8632,99
9,-1.0,0.0,1.0,526,8556,134
10,-1.0,0.0,1.0,519,8551,146
11,-1.0,0.0,1.0,424,8556,236
12,-1.0,0.0,1.0,356,8633,227
13,-1.0,0.0,1.0,296,8631,289
14,-1.0,0.0,1.0,297,8692,227
15,-1.0,0.0,1.0,241,8682,293
16,-1.0,0.0,1.0,232,8751,233
17,-1.0,0.0,1.0,189,8666,361
18,-1.0,0.0,1.0,205,8601,410
19,-1.0,0.0,1.0,171,8532,513
20,-1.0,0.0,1.0,157,8535,524
21,-1.0,0.0,1.0,131,8507,578
22,-1.0,0.0,1.0,114,8555,547
23,-1.0,0.0,1.0,94,8526,596
24,-1.0,0.0,1.0,61,8572,583
25,-1.0,0.0,1.0,72,8536,608
26,-1.0,0.0,1.0,90,8497,629
27,-1.0,0.0,1.0,90,8464,662
28,-1.0,0.0,1.0,71,8504,641
29,-1.0,0.0,1.0,54,8592,570
30,-1.0,0.0,1.0,63,8462,691
31,-1.0,0.0,1.0,36,8448,732
32,-1.0,0.0,1.0,24,8428,764
33,-1.0,0.0,1.0,18,8378,820
34,-1.0,0.0,1.0,52,8277,887
35,-1.0,0.0,1.0,46,8215,955
36,-1.0,0.0,1.0,34,8300,882
37,0.0,0.0,1.0,0,8206,1010
38,-1.0,0.0,1.0,9,8200,1007
39,-1.0,0.0,1.0,18,8042,1156
40,-1.0,0.0,1.0,18,8125,1073
41,-1.0,0.0,1.0,18,7940,1258
42,-1.0,0.0,1.0,9,8018,1189
43,-1.0,0.0,1.0,9,7966,1241
44,0.0,0.0,1.0,0,7941,1275
45,0.0,0.0,1.0,0,7793,1423
46,0.0,0.0,1.0,0,7770,1446
47,0.0,0.0,1.0,0,7899,1317
48,0.0,0.0,1.0,0,7938,1278
49,0.0,0.0,1.0,0,7862,1354
50,0.0,0.0,1.0,0,7643,1573
51,0.0,0.0,1.0,0,7599,1617
52,0.0,0.0,1.0,0,7462,1754
53,0.0,0.0,1.0,0,7522,1694
54,0.0,0.0,1.0,0,7429,1787
55,0.0,0.0,1.0,0,7529,1687
56,0.0,0.0,1.0,0,7412,1804
57,0.0,0.0,1.0,0,7439,1777
58,0.0,0.0,1.0,0,7292,1924
59,0.0,0.0,1.0,0,7265,1951
60,0.0,0.0,1.0,0,7095,2121
61,0.0,0.0,1.0,0,7236,1980
62,0.0,0.0,1.0,0,7195,2021
63,0.0,0.0,1.0,0,7231,1985
64,0.0,0.0,1.0,0,7131,2085
65,0.0,0.0,1.0,0,7204,2012
66,0.0,0.0,1.0,0,7115,2101
67,0.0,0.0,1.0,0,7167,2049
68,0.0,0.0,1.0,0,7162,2054
69,0.0,0.0,1.0,0,7242,1974
70,0.0,0.0,1.0,0,7095,2121
71,0.0,0.0,1.0,0,7080,2136
72,0.0,0.0,1.0,0,6997,2219
73,0.0,0.0,1.0,0,7267,1949
74,0.0,0.0,1.0,0,7410,1806
75,0.0,0.0,1.0,0,7481,1735
76,0.0,0.0,1.0,0,7304,1912
77,0.0,0.0,1.0,0,7210,2006
78,0.0,0.0,1.0,0,7179,2037
79,0.0,0.0,1.0,0,7299,1917
80,0.0,0.0,1.0,0,7475,1741
81,0.0,0.0,1.0,0,7503,1713
82,0.0,0.0,1.0,0,7385,1831
83,0.0,0.0,1.0,0,7394,1822
84,0.0,0.0,1.0,0,7506,1710
85,0.0,0.0,1.0,0,7544,1672
86,0.0,0.0,1.0,0,7571,1645
87,0.0,0.0,1.0,0,7550,1666
88,0.0,0.0,1.0,0,7549,1667
89,0.0,0.0,1.0,0,7702,1514
90,0.0,0.0,1.0,0,7690,1526
91,0.0,0.0,1.0,0,7830,1386
92,0.0,0.0,1.0,0,7953,1263
93,0.0,0.0,1.0,0,7972,1244
94,0.0,0.0,1.0,0,7987,1229
95,0.0,0.0,1.0,0,7878,1338
96,0.0,0.0,1.0,0,8101,1115
97,0.0,0.0,1.0,0,8147,1069
98,0.0,0.0,1.0,0,8154,1062
99,0.0,0.0,1.0,0,8182,1034
100,0.0,0.0,1.0,0,8351,865
101,0.0,0.0,1.0,0,8579,637
102,0.0,0.0,1.0,0,8634,582
103,0.0,0.0,1.0,0,8616,600
104,0.0,0.0,1.0,0,8575,641
105,0.0,0.0,1.0,0,8669,547
106,0.0,0.0,1.0,0,8665,551
107,0.0,0.0,1.0,0,8743,473
108,0.0,0.0,1.0,0,8722,494
109,0.0,0.0,1.0,0,8749,467
110,0.0,0.0,1.0,0,8787,429
111,0.0,0.0,1.0,0,8830,386
112,0.0,0.0,1.0,0,8938,278
113,0.0,0.0,1.0,0,8952,264
114,0.0,0.0,1.0,0,8936,280
115,0.0,0.0,1.0,0,8898,318
116,0.0,0.0,1.0,0,8934,282
117,0.0,0.0,1.0,0,8977,239
118,0.0,0.0,1.0,0,9023,193
119,0.0,0.0,1.0,0,9037,179
120,0.0,0.0,1.0,0,9071,145
121,0.0,0.0,1.0,0,9096,120
122,0.0,0.0,1.0,0,9124,92
123,0.0,0.0,1.0,0,9147,69
124,0.0,0.0,1.0,0,9147,69
125,0.0,0.0,1.0,0,9146,70
126,0.0,0.0,1.0,0,9141,75
127,0.0,0.0,1.0,0,9164,52
128,0.0,0.0,1.0,0,9171,45
129,0.0,0.0,1.0,0,9180,36
130,0.0,0.0,1.0,0,9171,45
131,0.0,0.0,1.0,0,9189,27
132,0.0,0.0,1.0,0,9198,18
133,0.0,0.0,1.0,0,9171,45
134,-1.0,0.0,1.0,6,9165,45
135,-1.0,0.0,1.0,12,9152,52
136,-1.0,0.0,1.0,12,9177,27
137,-1.0,0.0,1.0,6,9174,36
138,0.0,0.0,1.0,0,9189,27
139,0.0,0.0,1.0,0,9198,18
140,0.0,0.0,1.0,0,9207,9
141,-1.0,0.0,0.0,18,9198,0
142,-1.0,0.0,0.0,24,9192,0
143,-1.0,0.0,0.0,42,9174,0
144,-1.0,0.0,0.0,34,9182,0
145,-1.0,0.0,0.0,72,9144,0
146,-1.0,0.0,0.0,140,9076,0
147,-1.0,0.0,0.0,231,8985,0
148,-1.0,0.0,0.0,291,8925,0
149,-1.0,0.0,0.0,383,8833,0
150,-1.0,0.0,0.0,458,8758,0
151,-1.0,0.0,0.0,519,8697,0
152,-1.0,0.0,0.0,599,8617,0
153,-1.0,0.0,0.0,656,8560,0
154,-1.0,0.0,0.0,723,8493,0
155,-1.0,0.0,0.0,757,8459,0
156,-1.0,0.0,0.0,773,8443,0
157,-1.0,0.0,0.0,857,8359,0
158,-1.0,0.0,0.0,937,8279,0
159,-1.0,0.0,0.0,1036,8180,0
160,-1.0,0.0,0.0,1188,8028,0
161,-1.0,0.0,0.0,1446,7770,0
162,-1.0,0.0,0.0,1947,7269,0
163,-1.0,0.0,0.0,3302,5914,0
164,-1.0,-1.0,0.0,5815,3401,0
165,-1.0,-1.0,0.0,8058,1158,0
166,-1.0,-1.0,0.0,8569,647,0
167,-1.0,-1.0,0.0,8589,627,0
168,-1.0,-1.0,0.0,8539,677,0
169,-1.0,-1.0,0.0,7331,1885,0
170,-1.0,0.0,0.0,4268,4948,0
171,-1.0,0.0,0.0,2102,7114,0
172,-1.0,0.0,0.0,2100,7116,0
173,-1.0,0.0,0.0,2730,6486,0
174,-1.0,0.0,1.0,3375,5781,60
175,-1.0,0.0,1.0,3679,5379,158
176,-1.0,0.0,1.0,3581,5444,191
177,-1.0,0.0,1.0,2978,6020,218
178,-1.0,0.0,1.0,2075,6957,184
179,-1.0,0.0,1.0,1210,7788,218
180,-1.0,0.0,1.0,705,8269,242
181,-1.0,0.0,1.0,513,8422,281
182,-1.0,0.0,1.0,391,8528,297
183,-1.0,0.0,1.0,376,8481,359
184,-1.0,0.0,1.0,348,8482,386
185,-1.0,0.0,1.0,340,8405,471
186,-1.0,0.0,1.0,276,8493,447
187,-1.0,0.0,1.0,243,8539,434
188,-1.0,0.0,1.0,202,8660,354
189,-1.0,0.0,1.0,181,8685,350
190,-1.0,0.0,1.0,161,8743,312
191,-1.0,0.0,1.0,129,8776,311
192,-1.0,0.0,1.0,100,8852,264
193,-1.0,0.0,1.0,88,8855,273
194,-1.0,0.0,1.0,76,8878,262
195,-1.0,0.0,1.0,79,8858,279
196,-1.0,0.0,1.0,56,8937,223
197,-1.0,0.0,1.0,38,9001,177
198,-1.0,0.0,1.0,27,9093,96
199,-1.0,0.0,1.0,12,9159,45
200,-1.0,0.0,1.0,24,9150,42
201,-1.0,0.0,1.0,46,9128,42
202,-1.0,0.0,1.0,81,9102,33
203,-1.0,0.0,0.0,82,9134,0
204,-1.0,0.0,0.0,83,9133,0
205,-1.0,0.0,0.0,74,9142,0
206,-1.0,0.0,0.0,102,9114,0
207,-1.0,0.0,0.0,114,9102,0
208,-1.0,0.0,0.0,199,9017,0
209,-1.0,0.0,0.0,240,8976,0
210,-1.0,0.0,0.0,371,8845,0
211,-1.0,0.0,0.0,533,8683,0
212,-1.0,0.0,0.0,618,8598,0
213,-1.0,0.0,0.0,765,8451,0
214,-1.0,0.0,0.0,1266,7950,0
215,-1.0,0.0,0.0,3122,6094,0
216,-1.0,-1.0,0.0,6049,3167,0
217,-1.0,-1.0,0.0,8152,1064,0
218,-1.0,-1.0,0.0,8656,560,0
219,-1.0,-1.0,0.0,8725,491,0
220,-1.0,-1.0,0.0,8461,755,0
221,-1.0,-1.0,0.0,7635,1581,0
222,-1.0,-1.0,0.0,7945,1271,0
223,-1.0,-1.0,0.0,8790,426,0
224,-1.0,-1.0,0.0,8943,273,0
225,-1.0,-1.0,0.0,8988,228,0
226,-1.0,-1.0,0.0,9021,195,0
227,-1.0,-1.0,0.0,9046,170,0
228,-1.0,-1.0,0.0,9101,115,0
229,-1.0,-1.0,0.0,9141,75,0
230,-1.0,-1.0,0.0,9174,42,0
231,-1.0,-1.0,0.0,9163,53,0
232,-1.0,-1.0,0.0,9165,51,0
233,-1.0,-1.0,0.0,9132,84,0
234,-1.0,-1.0,0.0,9084,132,0
235,-1.0,-1.0,0.0,9040,176,0
236,-1.0,-1.0,0.0,9068,148,0
237,-1.0,-1.0,0.0,9069,147,0
238,-1.0,-1.0,0.0,9068,148,0
239,-1.0,-1.0,0.0,9083,133,0
240,-1.0,-1.0,0.0,9134,82,0
241,-1.0,-1.0,0.0,9141,75,0
242,-1.0,-1.0,0.0,9118,98,0
243,-1.0,-1.0,0.0,9086,130,0
244,-1.0,-1.0,0.0,9040,176,0
245,-1.0,-1.0,0.0,8921,295,0
246,-1.0,-1.0,0.0,8824,392,0
247,-1.0,-1.0,0.0,8665,551,0
248,-1.0,-1.0,0.0,8572,644,0
249,-1.0,-1.0,0.0,8405,811,0
250,-1.0,-1.0,0.0,8180,1036,0
251,-1.0,-1.0,0.0,8002,1214,0
252,-1.0,-1.0,0.0,7835,1381,0
253,-1.0,-1.0,0.0,7546,1670,0
254,-1.0,-1.0,0.0,7424,1792,0
255,-1.0,-1.0,0.0,7000,2216,0
256,-1.0,-1.0,0.0,6790,2426,0
257,-1.0,-1.0,0.0,6618,2598,0
258,-1.0,-1.0,0.0,6475,2741,0
259,-1.0,-1.0,0.0,6166,3050,0
260,-1.0,-1.0,0.0,5998,3218,0
261,-1.0,-1.0,0.0,6020,3196,0
262,-1.0,-1.0,0.0,5889,3327,0
263,-1.0,-1.0,0.0,5974,3242,0
264,-1.0,-1.0,0.0,5801,3415,0
265,-1.0,-1.0,0.0,5766,3450,0
266,-1.0,-1.0,0.0,5669,3547,0
267,-1.0,-1.0,0.0,5775,3441,0
268,-1.0,-1.0,0.0,5462,3754,0
269,-1.0,-1.0,0.0,5254,3962,0
270,-1.0,-1.0,0.0,5135,4081,0
271,-1.0,-1.0,0.0,5075,4141,0
272,-1.0,-1.0,0.0,5117,4099,0
273,-1.0,-1.0,0.0,4893,4323,0
274,-1.0,-1.0,0.0,4578,4638,0
275,-1.0,0.0,0.0,4291,4925,0
276,-1.0,0.0,0.0,4246,4970,0
277,-1.0,0.0,0.0,4047,5169,0
278,-1.0,0.0,0.0,3957,5259,0
279,-1.0,0.0,0.0,3829,5387,0
280,-1.0,0.0,0.0,3703,5513,0
281,-1.0,0.0,0.0,3448,5768,0
282,-1.0,0.0,0.0,3175,6041,0
283,-1.0,0.0,0.0,2897,6319,0
284,-1.0,0.0,0.0,2781,6435,0
285,-1.0,0.0,0.0,2638,6578,0
286,-1.0,0.0,0.0,2572,6644,0
287,-1.0,0.0,0.0,2485,6731,0
288,-1.0,0.0,0.0,2362,6854,0
289,-1.0,0.0,0.0,2073,7143,0
290,-1.0,0.0,0.0,1850,7366,0
291,-1.0,0.0,0.0,1643,7573,0
292,-1.0,0.0,0.0,1653,7563,0
293,-1.0,0.0,0.0,1608,7608,0
294,-1.0,0.0,0.0,1615,7601,0
295,-1.0,0.0,0.0,1546,7670,0
296,-1.0,0.0,0.0,1387,7829,0
297,-1.0,0.0,0.0,1344,7872,0
298,-1.0,0.0,0.0,1357,7859,0
299,-1.0,0.0,0.0,1380,7836,0
300,-1.0,0.0,0.0,1329,7887,0
301,-1.0,0.0,0.0,1093,8123,0
302,-1.0,0.0,0.0,914,8302,0
303,-1.0,0.0,0.0,830,8386,0
304,-1.0,0.0,0.0,872,8344,0
305,-1.0,0.0,0.0,790,8426,0
306,-1.0,0.0,0.0,760,8456,0
307,-1.0,0.0,0.0,666,8550,0
308,-1.0,0.0,0.0,662,8554,0
309,-1.0,0.0,0.0,628,8588,0
310,-1.0,0.0,0.0,612,8604,0
311,-1.0,0.0,0.0,553,8663,0
312,-1.0,0.0,0.0,627,8589,0
313,-1.0,0.0,0.0,543,8673,0
314,-1.0,0.0,0.0,493,8723,0
315,-1.0,0.0,0.0,395,8821,0
316,-1.0,0.0,0.0,388,8828,0
317,-1.0,0.0,0.0,405,8811,0
318,-1.0,0.0,0.0,344,8872,0
319,-1.0,0.0,0.0,308,8908,0
320,-1.0,0.0,0.0,350,8866,0
321,-1.0,0.0,0.0,333,8883,0
322,-1.0,0.0,0.0,373,8843,0
323,-1.0,0.0,0.0,235,8981,0
324,-1.0,0.0,0.0,261,8955,0
325,-1.0,0.0,0.0,174,9042,0
326,-1.0,0.0,0.0,246,8970,0
327,-1.0,0.0,0.0,254,8962,0
328,-1.0,0.0,0.0,246,8970,0
329,-1.0,0.0,0.0,236,8980,0
330,-1.0,0.0,0.0,188,9028,0
331,-1.0,0.0,0.0,234,8982,0
332,-1.0,0.0,0.0,207,9009,0
333,-1.0,0.0,0.0,198,9018,0
334,-1.0,0.0,0.0,141,9075,0
335,-1.0,0.0,0.0,141,9075,0
336,-1.0,0.0,0.0,104,9112,0
337,-1.0,0.0,0.0,125,9091,0
338,-1.0,0.0,0.0,124,9092,0
339,-1.0,0.0,0.0,140,9076,0
340,-1.0,0.0,0.0,135,9081,0
341,-1.0,0.0,0.0,141,9075,0
342,-1.0,0.0,0.0,123,9093,0
343,-1.0,0.0,0.0,111,9105,0
344,-1.0,0.0,0.0,75,9141,0
345,-1.0,0.0,0.0,111,9105,0
346,-1.0,0.0,0.0,105,9111,0
347,-1.0,0.0,0.0,108,9108,0
348,-1.0,0.0,0.0,63,9153,0
349,-1.0,0.0,0.0,63,9153,0
350,-1.0,0.0,0.0,63,9153,0
351,-1.0,0.0,0.0,72,9144,0
352,-1.0,0.0,0.0,72,9144,0
353,-1.0,0.0,0.0,90,9126,0
354,-1.0,0.0,0.0,126,9090,0
355,-1.0,0.0,0.0,90,9126,0
356,-1.0,0.0,0.0,81,9135,0
357,-1.0,0.0,0.0,63,9153,0
358,-1.0,0.0,0.0,99,9117,0
359,-1.0,0.0,0.0,81,9135,0
360,-1.0,0.0,0.0,72,9144,0
361,-1.0,0.0,0.0,45,9171,0
362,-1.0,0.0,0.0,36,9180,0
363,-1.0,0.0,0.0,36,9180,0
364,-1.0,0.0,0.0,45,9171,0
365,-1.0,0.0,0.0,54,9162,0
366,-1.0,0.0,0.0,36,9180,0
367,-1.0,0.0,0.0,36,9180,0
368,-1.0,0.0,0.0,30,9186,0
369,-1.0,0.0,0.0,30,9186,0
370,-1.0,0.0,0.0,18,9198,0
371,-1.0,0.0,0.0,9,9207,0
372,-1.0,0.0,0.0,9,9207,0
373,-1.0,0.0,0.0,27,9189,0
374,-1.0,0.0,0.0,18,9198,0
375,-1.0,0.0,0.0,27,9189,0
376,-1.0,0.0,0.0,9,9207,0
377,-1.0,0.0,0.0,18,9198,0
378,-1.0,0.0,0.0,18,9198,0
379,-1.0,0.0,0.0,27,9189,0
380,-1.0,0.0,0.0,27,9189,0
381,-1.0,0.0,0.0,18,9198,0
382,-1.0,0.0,0.0,9,9207,0
383,0.0,0.0,0.0,0,9216,0
384,0.0,0.0,0.0,0,9216,0
385,-1.0,0.0,0.0,9,9207,0
386,-1.0,0.0,0.0,9,9207,0
387,-1.0,0.0,0.0,9,9207,0
388,-1.0,0.0,0.0,9,9207,0
389,-1.0,0.0,0.0,9,9207,0
390,-1.0,0.0,0.0,9,9207,0
391,0.0,0.0,0.0,0,9216,0
392,0.0,0.0,0.0,0,9216,0
393,0.0,0.0,0.0,0,9216,0
394,0.0,0.0,0.0,0,9216,0
395,0.0,0.0,0.0,0,9216,0
396,0.0,0.0,0.0,0,9216,0
397,0.0,0.0,0.0,0,9216,0
398,0.0,0.0,0.0,0,9216,0
